,Songs,Quads
0,./1.mp3,Q3
1,./2.mp3,Q1
2,./3.mp3,Q1
3,./4.mp3,Q4
4,./5.mp3,Q3
5,./6.mp3,Q2
6,./7.mp3,Q1
7,./8.mp3,Q2
8,./9.mp3,Q1
9,./10.mp3,Q1
10,./11.mp3,Q1
11,./12.mp3,Q3
12,./13.mp3,Q4
13,./14.mp3,Q1
14,./15.mp3,Q3
15,./16.mp3,Q1
16,./17.mp3,Q4
17,./18.mp3,Q4
18,./19.mp3,Q3
19,./20.mp3,Q4
20,./21.mp3,Q4
21,./22.mp3,Q3
22,./23.mp3,Q1
23,./24.mp3,Q1
24,./25.mp3,Q2
25,./26.mp3,Q4
26,./27.mp3,Q1
27,./28.mp3,Q3
28,./29.mp3,Q3
29,./30.mp3,Q1
30,./31.mp3,Q1
31,./32.mp3,Q2
32,./33.mp3,Q1
33,./34.mp3,Q3
34,./35.mp3,Q1
35,./36.mp3,Q4
36,./37.mp3,Q4
37,./38.mp3,Q4
38,./39.mp3,Q4
39,./40.mp3,Q1
40,./41.mp3,Q3
41,./42.mp3,Q4
42,./43.mp3,Q3
43,./44.mp3,Q1
44,./45.mp3,Q2
45,./46.mp3,Q2
46,./47.mp3,Q1
47,./48.mp3,Q3
48,./49.mp3,Q1
49,./50.mp3,Q4
50,./51.mp3,Q1
51,./52.mp3,Q3
52,./53.mp3,Q1
53,./54.mp3,Q1
54,./55.mp3,Q1
55,./56.mp3,Q4
56,./57.mp3,Q1
57,./58.mp3,Q3
58,./59.mp3,Q4
59,./60.mp3,Q1
60,./61.mp3,Q2
61,./62.mp3,Q1
62,./63.mp3,Q3
63,./64.mp3,Q1
64,./65.mp3,Q1
65,./66.mp3,Q2
66,./67.mp3,Q3
67,./68.mp3,Q2
68,./69.mp3,Q2
69,./70.mp3,Q1
70,./71.mp3,Q1
71,./72.mp3,Q1
72,./73.mp3,Q3
73,./74.mp3,Q4
74,./75.mp3,Q1
75,./76.mp3,Q1
76,./77.mp3,Q4
77,./78.mp3,Q2
78,./79.mp3,Q2
79,./80.mp3,Q1
80,./81.mp3,Q1
81,./82.mp3,Q1
82,./83.mp3,Q3
83,./84.mp3,Q4
84,./85.mp3,Q1
85,./86.mp3,Q4
86,./87.mp3,Q3
87,./88.mp3,Q1
88,./89.mp3,Q1
89,./90.mp3,Q1
90,./91.mp3,Q3
91,./92.mp3,Q1
92,./93.mp3,Q1
93,./94.mp3,Q1
94,./95.mp3,Q1
95,./96.mp3,Q2
96,./97.mp3,Q1
97,./98.mp3,Q3
98,./99.mp3,Q1
99,./100.mp3,Q3
100,./101.mp3,Q1
101,./102.mp3,Q1
102,./103.mp3,Q1
103,./104.mp3,Q3
104,./105.mp3,Q1
105,./106.mp3,Q3
106,./107.mp3,Q1
107,./108.mp3,Q3
108,./109.mp3,Q1
109,./110.mp3,Q1
110,./111.mp3,Q3
111,./112.mp3,Q1
112,./113.mp3,Q2
113,./114.mp3,Q1
114,./115.mp3,Q2
115,./116.mp3,Q3
116,./117.mp3,Q3
117,./118.mp3,Q4
118,./119.mp3,Q1
119,./120.mp3,Q1
120,./121.mp3,Q1
121,./122.mp3,Q4
122,./123.mp3,Q1
123,./124.mp3,Q3
124,./125.mp3,Q1
125,./126.mp3,Q3
126,./127.mp3,Q1
127,./128.mp3,Q1
128,./129.mp3,Q3
129,./130.mp3,Q3
130,./131.mp3,Q3
131,./132.mp3,Q1
132,./133.mp3,Q2
133,./134.mp3,Q4
134,./135.mp3,Q1
135,./136.mp3,Q4
136,./137.mp3,Q3
137,./138.mp3,Q2
138,./139.mp3,Q1
139,./140.mp3,Q1
140,./141.mp3,Q1
141,./142.mp3,Q3
142,./143.mp3,Q1
143,./144.mp3,Q3
144,./145.mp3,Q3
145,./146.mp3,Q2
146,./147.mp3,Q1
147,./148.mp3,Q1
148,./149.mp3,Q4
149,./150.mp3,Q1
150,./151.mp3,Q3
151,./152.mp3,Q1
152,./153.mp3,Q1
153,./154.mp3,Q2
154,./155.mp3,Q1
155,./156.mp3,Q3
156,./157.mp3,Q3
157,./158.mp3,Q3
158,./159.mp3,Q1
159,./160.mp3,Q3
160,./161.mp3,Q3
161,./162.mp3,Q1
162,./163.mp3,Q2
163,./164.mp3,Q2
164,./165.mp3,Q3
165,./166.mp3,Q2
166,./167.mp3,Q1
167,./168.mp3,Q3
168,./169.mp3,Q1
169,./170.mp3,Q2
170,./171.mp3,Q1
171,./172.mp3,Q1
172,./173.mp3,Q1
173,./174.mp3,Q3
174,./175.mp3,Q1
175,./176.mp3,Q1
176,./177.mp3,Q1
177,./178.mp3,Q3
178,./179.mp3,Q2
179,./180.mp3,Q1
180,./181.mp3,Q2
181,./182.mp3,Q3
182,./183.mp3,Q3
183,./184.mp3,Q1
184,./185.mp3,Q1
185,./186.mp3,Q1
186,./187.mp3,Q3
187,./188.mp3,Q2
188,./189.mp3,Q1
189,./190.mp3,Q1
190,./191.mp3,Q3
191,./192.mp3,Q1
192,./193.mp3,Q3
193,./194.mp3,Q1
194,./195.mp3,Q1
195,./196.mp3,Q1
196,./197.mp3,Q1
197,./198.mp3,Q1
198,./199.mp3,Q1
199,./200.mp3,Q1
200,./201.mp3,Q2
201,./202.mp3,Q1
202,./203.mp3,Q1
203,./204.mp3,Q1
204,./205.mp3,Q1
205,./206.mp3,Q3
206,./207.mp3,Q2
207,./208.mp3,Q1
208,./209.mp3,Q1
209,./210.mp3,Q4
210,./211.mp3,Q3
211,./212.mp3,Q1
212,./213.mp3,Q3
213,./214.mp3,Q2
214,./215.mp3,Q3
215,./216.mp3,Q1
216,./217.mp3,Q1
217,./218.mp3,Q1
218,./219.mp3,Q2
219,./220.mp3,Q1
220,./221.mp3,Q1
221,./222.mp3,Q3
222,./223.mp3,Q3
223,./224.mp3,Q2
224,./225.mp3,Q1
225,./226.mp3,Q2
226,./227.mp3,Q1
227,./228.mp3,Q1
228,./229.mp3,Q4
229,./230.mp3,Q3
230,./231.mp3,Q2
231,./232.mp3,Q1
232,./233.mp3,Q4
233,./234.mp3,Q1
234,./235.mp3,Q1
235,./236.mp3,Q3
236,./237.mp3,Q2
237,./238.mp3,Q3
238,./239.mp3,Q3
239,./240.mp3,Q1
240,./241.mp3,Q4
241,./242.mp3,Q3
242,./243.mp3,Q3
243,./244.mp3,Q2
244,./245.mp3,Q4
245,./246.mp3,Q3
246,./247.mp3,Q3
247,./248.mp3,Q2
248,./249.mp3,Q4
249,./250.mp3,Q1
250,./251.mp3,Q1
251,./252.mp3,Q3
252,./253.mp3,Q2
253,./254.mp3,Q2
254,./255.mp3,Q2
255,./256.mp3,Q2
256,./257.mp3,Q1
257,./258.mp3,Q2
258,./259.mp3,Q3
259,./260.mp3,Q3
260,./261.mp3,Q3
261,./262.mp3,Q1
262,./263.mp3,Q3
263,./264.mp3,Q1
264,./265.mp3,Q1
265,./266.mp3,Q2
266,./267.mp3,Q4
267,./268.mp3,Q2
268,./269.mp3,Q2
269,./270.mp3,Q1
270,./271.mp3,Q1
271,./272.mp3,Q2
272,./273.mp3,Q1
273,./274.mp3,Q2
274,./275.mp3,Q3
275,./276.mp3,Q1
276,./277.mp3,Q1
277,./278.mp3,Q2
278,./279.mp3,Q1
279,./280.mp3,Q1
280,./281.mp3,Q1
281,./282.mp3,Q2
282,./283.mp3,Q2
283,./284.mp3,Q4
284,./285.mp3,Q3
285,./286.mp3,Q3
286,./287.mp3,Q3
287,./288.mp3,Q1
288,./289.mp3,Q4
289,./290.mp3,Q1
290,./291.mp3,Q2
291,./292.mp3,Q1
292,./293.mp3,Q1
293,./294.mp3,Q1
294,./295.mp3,Q1
295,./296.mp3,Q2
296,./297.mp3,Q1
297,./298.mp3,Q1
298,./299.mp3,Q3
299,./300.mp3,Q3
300,./301.mp3,Q3
301,./302.mp3,Q1
302,./303.mp3,Q3
303,./304.mp3,Q1
304,./305.mp3,Q1
305,./306.mp3,Q1
306,./307.mp3,Q3
307,./308.mp3,Q1
308,./309.mp3,Q1
309,./310.mp3,Q1
310,./311.mp3,Q3
311,./312.mp3,Q2
312,./313.mp3,Q3
313,./314.mp3,Q2
314,./315.mp3,Q1
315,./316.mp3,Q3
316,./317.mp3,Q3
317,./318.mp3,Q1
318,./319.mp3,Q4
319,./320.mp3,Q4
320,./321.mp3,Q1
321,./322.mp3,Q1
322,./323.mp3,Q2
323,./324.mp3,Q1
324,./325.mp3,Q2
325,./326.mp3,Q1
326,./327.mp3,Q1
327,./328.mp3,Q3
328,./329.mp3,Q1
329,./330.mp3,Q2
330,./331.mp3,Q3
331,./332.mp3,Q3
332,./333.mp3,Q1
333,./334.mp3,Q1
334,./335.mp3,Q3
335,./336.mp3,Q3
336,./337.mp3,Q2
337,./338.mp3,Q1
338,./339.mp3,Q3
339,./340.mp3,Q1
340,./341.mp3,Q2
341,./342.mp3,Q2
342,./343.mp3,Q4
343,./344.mp3,Q4
344,./345.mp3,Q4
345,./346.mp3,Q1
346,./347.mp3,Q2
347,./348.mp3,Q1
348,./349.mp3,Q1
349,./350.mp3,Q1
350,./351.mp3,Q2
351,./352.mp3,Q2
352,./353.mp3,Q3
353,./354.mp3,Q2
354,./355.mp3,Q1
355,./356.mp3,Q3
356,./357.mp3,Q3
357,./358.mp3,Q1
358,./359.mp3,Q3
359,./360.mp3,Q1
360,./361.mp3,Q1
361,./362.mp3,Q3
362,./363.mp3,Q3
363,./364.mp3,Q4
364,./365.mp3,Q2
365,./366.mp3,Q2
366,./367.mp3,Q4
367,./368.mp3,Q3
368,./369.mp3,Q4
369,./370.mp3,Q3
370,./371.mp3,Q1
371,./372.mp3,Q3
372,./373.mp3,Q1
373,./374.mp3,Q1
374,./375.mp3,Q3
375,./376.mp3,Q1
376,./377.mp3,Q1
377,./378.mp3,Q1
378,./379.mp3,Q1
379,./380.mp3,Q1
380,./381.mp3,Q4
381,./382.mp3,Q1
382,./383.mp3,Q2
383,./384.mp3,Q3
384,./385.mp3,Q2
385,./386.mp3,Q1
386,./387.mp3,Q4
387,./388.mp3,Q1
388,./389.mp3,Q3
389,./390.mp3,Q1
390,./391.mp3,Q3
391,./392.mp3,Q4
392,./393.mp3,Q4
393,./394.mp3,Q1
394,./395.mp3,Q4
395,./396.mp3,Q3
396,./397.mp3,Q3
397,./398.mp3,Q2
398,./399.mp3,Q3
399,./400.mp3,Q1
400,./401.mp3,Q3
401,./402.mp3,Q3
402,./403.mp3,Q1
403,./404.mp3,Q1
404,./405.mp3,Q2
405,./406.mp3,Q1
406,./407.mp3,Q3
407,./408.mp3,Q3
408,./409.mp3,Q4
409,./410.mp3,Q2
410,./411.mp3,Q1
411,./412.mp3,Q1
412,./413.mp3,Q1
413,./414.mp3,Q3
414,./415.mp3,Q3
415,./416.mp3,Q3
416,./417.mp3,Q3
417,./418.mp3,Q1
418,./419.mp3,Q1
419,./420.mp3,Q1
420,./421.mp3,Q4
421,./422.mp3,Q1
422,./423.mp3,Q1
423,./424.mp3,Q1
424,./425.mp3,Q1
425,./426.mp3,Q1
426,./427.mp3,Q2
427,./428.mp3,Q1
428,./429.mp3,Q1
429,./430.mp3,Q3
430,./431.mp3,Q1
431,./432.mp3,Q3
432,./433.mp3,Q1
433,./434.mp3,Q1
434,./435.mp3,Q1
435,./436.mp3,Q2
436,./437.mp3,Q3
437,./438.mp3,Q1
438,./439.mp3,Q1
439,./440.mp3,Q1
440,./441.mp3,Q1
441,./442.mp3,Q3
442,./443.mp3,Q1
443,./444.mp3,Q1
444,./445.mp3,Q3
445,./446.mp3,Q4
446,./447.mp3,Q1
447,./448.mp3,Q4
448,./449.mp3,Q3
449,./450.mp3,Q1
450,./451.mp3,Q1
451,./452.mp3,Q1
452,./453.mp3,Q3
453,./454.mp3,Q3
454,./455.mp3,Q1
455,./456.mp3,Q3
456,./457.mp3,Q1
457,./458.mp3,Q1
458,./459.mp3,Q2
459,./460.mp3,Q2
460,./461.mp3,Q3
461,./462.mp3,Q4
462,./463.mp3,Q2
463,./464.mp3,Q1
464,./465.mp3,Q1
465,./466.mp3,Q1
466,./467.mp3,Q4
467,./468.mp3,Q4
468,./469.mp3,Q1
469,./470.mp3,Q2
470,./471.mp3,Q1
471,./472.mp3,Q1
472,./473.mp3,Q3
473,./474.mp3,Q2
474,./475.mp3,Q4
475,./476.mp3,Q2
476,./477.mp3,Q1
477,./478.mp3,Q3
478,./479.mp3,Q2
479,./480.mp3,Q1
480,./481.mp3,Q3
481,./482.mp3,Q1
482,./483.mp3,Q1
483,./484.mp3,Q1
484,./485.mp3,Q1
485,./486.mp3,Q1
486,./487.mp3,Q1
487,./488.mp3,Q3
488,./489.mp3,Q1
489,./490.mp3,Q1
490,./491.mp3,Q2
491,./492.mp3,Q1
492,./493.mp3,Q3
493,./494.mp3,Q1
494,./495.mp3,Q1
495,./496.mp3,Q2
496,./497.mp3,Q4
497,./498.mp3,Q1
498,./499.mp3,Q3
499,./500.mp3,Q1
500,./501.mp3,Q1
501,./502.mp3,Q3
502,./503.mp3,Q1
503,./504.mp3,Q1
504,./505.mp3,Q1
505,./506.mp3,Q1
506,./507.mp3,Q1
507,./508.mp3,Q1
508,./509.mp3,Q2
509,./510.mp3,Q3
510,./511.mp3,Q3
511,./512.mp3,Q3
512,./513.mp3,Q1
513,./514.mp3,Q4
514,./515.mp3,Q1
515,./516.mp3,Q1
516,./517.mp3,Q1
517,./518.mp3,Q3
518,./519.mp3,Q2
519,./520.mp3,Q2
520,./521.mp3,Q4
521,./522.mp3,Q3
522,./523.mp3,Q1
523,./524.mp3,Q4
524,./525.mp3,Q1
525,./526.mp3,Q1
526,./527.mp3,Q2
527,./528.mp3,Q1
528,./529.mp3,Q2
529,./530.mp3,Q1
530,./531.mp3,Q1
531,./532.mp3,Q1
532,./533.mp3,Q4
533,./534.mp3,Q1
534,./535.mp3,Q3
535,./536.mp3,Q1
536,./537.mp3,Q1
537,./538.mp3,Q3
538,./539.mp3,Q1
539,./540.mp3,Q3
540,./541.mp3,Q1
541,./542.mp3,Q1
542,./543.mp3,Q1
543,./544.mp3,Q1
544,./545.mp3,Q2
545,./546.mp3,Q1
546,./547.mp3,Q3
547,./548.mp3,Q3
548,./549.mp3,Q1
549,./550.mp3,Q1
550,./551.mp3,Q1
551,./552.mp3,Q1
552,./553.mp3,Q3
553,./554.mp3,Q3
554,./555.mp3,Q2
555,./556.mp3,Q1
556,./557.mp3,Q1
557,./558.mp3,Q1
558,./559.mp3,Q1
559,./560.mp3,Q2
560,./561.mp3,Q3
561,./562.mp3,Q4
562,./563.mp3,Q4
563,./564.mp3,Q1
564,./565.mp3,Q1
565,./566.mp3,Q1
566,./567.mp3,Q1
567,./568.mp3,Q1
568,./569.mp3,Q1
569,./570.mp3,Q1
570,./571.mp3,Q2
571,./572.mp3,Q1
572,./573.mp3,Q1
573,./574.mp3,Q3
574,./575.mp3,Q1
575,./576.mp3,Q2
576,./577.mp3,Q1
577,./578.mp3,Q1
578,./579.mp3,Q4
579,./580.mp3,Q1
580,./581.mp3,Q2
581,./582.mp3,Q4
582,./583.mp3,Q1
583,./584.mp3,Q1
584,./585.mp3,Q3
585,./586.mp3,Q2
586,./587.mp3,Q2
587,./588.mp3,Q1
588,./589.mp3,Q3
589,./590.mp3,Q2
590,./591.mp3,Q1
591,./592.mp3,Q3
592,./593.mp3,Q1
593,./594.mp3,Q1
594,./595.mp3,Q1
595,./596.mp3,Q4
596,./597.mp3,Q3
597,./598.mp3,Q1
598,./599.mp3,Q1
599,./600.mp3,Q1
600,./601.mp3,Q3
601,./602.mp3,Q1
602,./603.mp3,Q1
603,./604.mp3,Q1
604,./605.mp3,Q4
605,./606.mp3,Q1
606,./607.mp3,Q1
607,./608.mp3,Q2
608,./609.mp3,Q1
609,./610.mp3,Q1
610,./611.mp3,Q3
611,./612.mp3,Q3
612,./613.mp3,Q1
613,./614.mp3,Q3
614,./615.mp3,Q1
615,./616.mp3,Q3
616,./617.mp3,Q2
617,./618.mp3,Q1
618,./619.mp3,Q3
619,./620.mp3,Q1
620,./621.mp3,Q3
621,./622.mp3,Q3
622,./623.mp3,Q3
623,./624.mp3,Q3
624,./625.mp3,Q3
625,./626.mp3,Q1
626,./627.mp3,Q1
627,./628.mp3,Q4
628,./629.mp3,Q4
629,./630.mp3,Q2
630,./631.mp3,Q3
631,./632.mp3,Q1
632,./633.mp3,Q1
633,./634.mp3,Q3
634,./635.mp3,Q3
635,./636.mp3,Q3
636,./637.mp3,Q3
637,./638.mp3,Q1
638,./639.mp3,Q1
639,./640.mp3,Q1
640,./641.mp3,Q1
641,./642.mp3,Q1
642,./643.mp3,Q1
643,./644.mp3,Q1
644,./645.mp3,Q1
645,./646.mp3,Q4
646,./647.mp3,Q1
647,./648.mp3,Q2
648,./649.mp3,Q1
649,./650.mp3,Q3
650,./651.mp3,Q1
651,./652.mp3,Q1
652,./653.mp3,Q1
653,./654.mp3,Q1
654,./655.mp3,Q1
655,./656.mp3,Q3
656,./657.mp3,Q1
657,./658.mp3,Q1
658,./659.mp3,Q1
659,./660.mp3,Q2
660,./661.mp3,Q1
661,./662.mp3,Q3
662,./663.mp3,Q4
663,./664.mp3,Q2
664,./665.mp3,Q2
665,./666.mp3,Q1
666,./667.mp3,Q1
667,./668.mp3,Q1
668,./669.mp3,Q1
669,./670.mp3,Q3
670,./671.mp3,Q2
671,./672.mp3,Q3
672,./673.mp3,Q1
673,./674.mp3,Q2
674,./675.mp3,Q3
675,./676.mp3,Q3
676,./677.mp3,Q1
677,./678.mp3,Q1
678,./679.mp3,Q3
679,./680.mp3,Q1
680,./681.mp3,Q3
681,./682.mp3,Q1
682,./683.mp3,Q2
683,./684.mp3,Q1
684,./685.mp3,Q1
685,./686.mp3,Q3
686,./687.mp3,Q3
687,./688.mp3,Q3
688,./689.mp3,Q1
689,./690.mp3,Q2
690,./691.mp3,Q2
691,./692.mp3,Q3
692,./693.mp3,Q2
693,./694.mp3,Q1
694,./695.mp3,Q4
695,./696.mp3,Q4
696,./697.mp3,Q3
697,./698.mp3,Q3
698,./699.mp3,Q2
699,./700.mp3,Q1
700,./701.mp3,Q1
701,./702.mp3,Q1
702,./703.mp3,Q2
703,./704.mp3,Q4
704,./705.mp3,Q4
705,./706.mp3,Q2
706,./707.mp3,Q2
707,./708.mp3,Q4
708,./709.mp3,Q1
709,./710.mp3,Q4
710,./711.mp3,Q1
711,./712.mp3,Q3
712,./713.mp3,Q4
713,./714.mp3,Q3
714,./715.mp3,Q3
715,./716.mp3,Q1
716,./717.mp3,Q1
717,./718.mp3,Q1
718,./719.mp3,Q1
719,./720.mp3,Q2
720,./721.mp3,Q1
721,./722.mp3,Q3
722,./723.mp3,Q1
723,./724.mp3,Q1
724,./725.mp3,Q3
725,./726.mp3,Q3
726,./727.mp3,Q1
727,./728.mp3,Q3
728,./729.mp3,Q3
729,./730.mp3,Q1
730,./731.mp3,Q4
731,./732.mp3,Q1
732,./733.mp3,Q1
733,./734.mp3,Q3
734,./735.mp3,Q1
735,./736.mp3,Q4
736,./737.mp3,Q3
737,./738.mp3,Q2
738,./739.mp3,Q1
739,./740.mp3,Q1
740,./741.mp3,Q3
741,./742.mp3,Q1
742,./743.mp3,Q2
743,./744.mp3,Q2
744,./745.mp3,Q1
745,./746.mp3,Q3
746,./747.mp3,Q1
747,./748.mp3,Q1
748,./749.mp3,Q3
749,./750.mp3,Q3
750,./751.mp3,Q4
751,./752.mp3,Q2
752,./753.mp3,Q3
753,./754.mp3,Q3
754,./755.mp3,Q4
755,./756.mp3,Q4
756,./757.mp3,Q2
757,./758.mp3,Q1
758,./759.mp3,Q3
759,./760.mp3,Q3
760,./761.mp3,Q2
761,./762.mp3,Q2
762,./763.mp3,Q3
763,./764.mp3,Q3
764,./765.mp3,Q3
765,./766.mp3,Q1
766,./767.mp3,Q1
767,./768.mp3,Q3
768,./769.mp3,Q3
769,./770.mp3,Q3
770,./771.mp3,Q1
771,./772.mp3,Q1
772,./773.mp3,Q1
773,./774.mp3,Q2
774,./775.mp3,Q3
775,./776.mp3,Q4
776,./777.mp3,Q3
777,./778.mp3,Q3
778,./779.mp3,Q1
779,./780.mp3,Q2
780,./781.mp3,Q3
781,./782.mp3,Q3
782,./783.mp3,Q4
783,./784.mp3,Q1
784,./785.mp3,Q1
785,./786.mp3,Q4
786,./787.mp3,Q4
787,./788.mp3,Q1
788,./789.mp3,Q1
789,./790.mp3,Q1
790,./791.mp3,Q1
791,./792.mp3,Q1
792,./793.mp3,Q1
793,./794.mp3,Q2
794,./795.mp3,Q1
795,./796.mp3,Q1
796,./797.mp3,Q1
797,./798.mp3,Q1
798,./799.mp3,Q1
799,./800.mp3,Q3
800,./801.mp3,Q1
801,./802.mp3,Q3
802,./803.mp3,Q1
803,./804.mp3,Q4
804,./805.mp3,Q2
805,./806.mp3,Q1
806,./807.mp3,Q1
807,./808.mp3,Q1
808,./809.mp3,Q1
809,./810.mp3,Q1
810,./811.mp3,Q4
811,./812.mp3,Q2
812,./813.mp3,Q4
813,./814.mp3,Q1
814,./815.mp3,Q4
815,./816.mp3,Q2
816,./817.mp3,Q2
817,./818.mp3,Q1
